{
  "test_accuracy": 0.9903632320237212,
  "test_precision": 0.9904018532896428,
  "test_recall": 0.990117584598403,
  "test_f1_score": 0.9902456856480799,
  "test_loss": 0.028358176350593567,
  "confusion_matrix": [
    [
      391,
      0,
      0,
      2,
      0,
      2
    ],
    [
      0,
      381,
      0,
      0,
      0,
      0
    ],
    [
      0,
      0,
      381,
      1,
      0,
      6
    ],
    [
      5,
      0,
      0,
      595,
      0,
      1
    ],
    [
      0,
      2,
      0,
      0,
      528,
      0
    ],
    [
      0,
      0,
      1,
      6,
      0,
      396
    ]
  ],
  "training_history": {
    "accuracy": [
      0.9442852139472961,
      0.9482976198196411,
      0.9529978036880493,
      0.9583858847618103,
      0.9601054787635803,
      0.9573541283607483,
      0.9659520983695984,
      0.9644617438316345,
      0.9642325043678284,
      0.9690473675727844
    ],
    "loss": [
      0.1299886405467987,
      0.11734472960233688,
      0.10837770998477936,
      0.09603644162416458,
      0.08849533647298813,
      0.08938275277614594,
      0.07991187274456024,
      0.07469377666711807,
      0.07683480530977249,
      0.07077532261610031
    ],
    "precision": [
      0.9489819407463074,
      0.9506457448005676,
      0.9556042551994324,
      0.9619377255439758,
      0.9628989696502686,
      0.9594656825065613,
      0.9679015278816223,
      0.9664058685302734,
      0.9665286540985107,
      0.971438467502594
    ],
    "recall": [
      0.940387487411499,
      0.9450876712799072,
      0.9500172138214111,
      0.9560930728912354,
      0.9580419659614563,
      0.9551759958267212,
      0.9644617438316345,
      0.9629714488983154,
      0.9633153676986694,
      0.9669838547706604
    ],
    "val_accuracy": [
      0.9876033067703247,
      0.9908172488212585,
      0.9917355179786682,
      0.9917355179786682,
      0.9917355179786682,
      0.9949495196342468,
      0.9949495196342468,
      0.9917355179786682,
      0.9967860579490662,
      0.9967860579490662
    ],
    "val_loss": [
      0.03294080123305321,
      0.032482776790857315,
      0.03280611336231232,
      0.028802895918488503,
      0.022837037220597267,
      0.019485637545585632,
      0.018325939774513245,
      0.023482969030737877,
      0.013685924932360649,
      0.013714665547013283
    ],
    "val_precision": [
      0.9880405068397522,
      0.9912643432617188,
      0.9917317628860474,
      0.9921802878379822,
      0.993560254573822,
      0.9954065084457397,
      0.9954044222831726,
      0.9917279481887817,
      0.9967860579490662,
      0.9967845678329468
    ],
    "val_recall": [
      0.9862259030342102,
      0.9898989796638489,
      0.9912763833999634,
      0.9903581142425537,
      0.9917355179786682,
      0.9949495196342468,
      0.994490385055542,
      0.9908172488212585,
      0.9967860579490662,
      0.9963269233703613
    ],
    "learning_rate": [
      0.0010000000474974513,
      0.0010000000474974513,
      0.0010000000474974513,
      0.0010000000474974513,
      0.0010000000474974513,
      0.0010000000474974513,
      0.0010000000474974513,
      0.0010000000474974513,
      0.0010000000474974513,
      0.0010000000474974513
    ]
  },
  "class_names": [
    "freshapples",
    "freshbanana",
    "freshoranges",
    "rottenapples",
    "rottenbanana",
    "rottenoranges"
  ]
}