{
  "test_accuracy": 0.9899925871015567,
  "test_precision": 0.9900571878696879,
  "test_recall": 0.9900835583372265,
  "test_f1_score": 0.9900166370208058,
  "test_loss": 0.02769816666841507,
  "confusion_matrix": [
    [
      393,
      0,
      0,
      2,
      0,
      0
    ],
    [
      0,
      381,
      0,
      0,
      0,
      0
    ],
    [
      3,
      0,
      382,
      1,
      0,
      2
    ],
    [
      9,
      0,
      1,
      591,
      0,
      0
    ],
    [
      0,
      0,
      0,
      0,
      530,
      0
    ],
    [
      2,
      0,
      1,
      6,
      0,
      394
    ]
  ],
  "training_history": {
    "accuracy": [
      0.942451000213623,
      0.9472658634185791,
      0.9492146968841553,
      0.9554052352905273,
      0.9603347182273865,
      0.9618250727653503,
      0.9632007479667664,
      0.9664106369018555,
      0.9648056626319885,
      0.9664106369018555,
      0.9691619873046875,
      0.9713401198387146,
      0.9705376625061035,
      0.9717987179756165,
      0.9713401198387146
    ],
    "loss": [
      0.16067281365394592,
      0.14450334012508392,
      0.13131466507911682,
      0.11827731877565384,
      0.11151593923568726,
      0.10501708090305328,
      0.10045118629932404,
      0.09590788185596466,
      0.09809752553701401,
      0.08945190906524658,
      0.0874803215265274,
      0.08067784458398819,
      0.08014973998069763,
      0.0811649039387703,
      0.08202953636646271
    ],
    "precision": [
      0.9479347467422485,
      0.9509996771812439,
      0.9531015157699585,
      0.9589104056358337,
      0.9633006453514099,
      0.9647384285926819,
      0.9649890661239624,
      0.9687715768814087,
      0.9675264954566956,
      0.969228982925415,
      0.9723438620567322,
      0.9723147749900818,
      0.9717111587524414,
      0.9743382930755615,
      0.972861111164093
    ],
    "recall": [
      0.9392411112785339,
      0.943368136882782,
      0.9458901882171631,
      0.9524246454238892,
      0.9568955898284912,
      0.9597615599632263,
      0.9605640172958374,
      0.9637739062309265,
      0.9632007479667664,
      0.9641178250312805,
      0.9673277735710144,
      0.9703083634376526,
      0.9687034487724304,
      0.9706522822380066,
      0.9698498249053955
    ],
    "val_accuracy": [
      0.986685037612915,
      0.9885215759277344,
      0.992194652557373,
      0.9903581142425537,
      0.9940312504768372,
      0.9917355179786682,
      0.9949495196342468,
      0.9967860579490662,
      0.9954086542129517,
      0.9958677887916565,
      0.9981634616851807,
      0.9954086542129517,
      0.9963269233703613,
      0.9949495196342468,
      0.9977043271064758
    ],
    "val_loss": [
      0.03874002769589424,
      0.03261226415634155,
      0.02712949365377426,
      0.028593195602297783,
      0.02314046211540699,
      0.02774837240576744,
      0.019977649673819542,
      0.01822695881128311,
      0.01859627291560173,
      0.015840543434023857,
      0.012400680221617222,
      0.014026107266545296,
      0.01195178460329771,
      0.015076952986419201,
      0.009876296855509281
    ],
    "val_precision": [
      0.9871382713317871,
      0.9894253015518188,
      0.9926504492759705,
      0.9912603497505188,
      0.9940312504768372,
      0.9921910762786865,
      0.9949471950531006,
      0.9972413778305054,
      0.9954044222831726,
      0.9958677887916565,
      0.9981634616851807,
      0.9958658814430237,
      0.9967845678329468,
      0.9954065084457397,
      0.998161792755127
    ],
    "val_recall": [
      0.986685037612915,
      0.9880624413490295,
      0.992194652557373,
      0.989439845085144,
      0.9940312504768372,
      0.9917355179786682,
      0.994490385055542,
      0.9958677887916565,
      0.994490385055542,
      0.9958677887916565,
      0.9981634616851807,
      0.9954086542129517,
      0.9963269233703613,
      0.9949495196342468,
      0.997245192527771
    ],
    "learning_rate": [
      0.0010000000474974513,
      0.0010000000474974513,
      0.0010000000474974513,
      0.0010000000474974513,
      0.0010000000474974513,
      0.0010000000474974513,
      0.0010000000474974513,
      0.0010000000474974513,
      0.0010000000474974513,
      0.0010000000474974513,
      0.0010000000474974513,
      0.0010000000474974513,
      0.0010000000474974513,
      0.0010000000474974513,
      0.0010000000474974513
    ]
  },
  "class_names": [
    "freshapples",
    "freshbanana",
    "freshoranges",
    "rottenapples",
    "rottenbanana",
    "rottenoranges"
  ]
}